"","2009","2010","2011","2012","2013","2014","2015","2016","2017","2018","2019","Time"
"1",0,0,0,0,0,1,0,0,0,0,0,2021-01-01 00:30:00
"2",0,0,0,0,0,0,0,0,0,0,0,2021-01-01 12:30:00
"3",0,0,0,0,0,0,0,0,0,0,0,2021-01-02 00:30:00
"4",0,0,0,0,0,0,0,0,0,0,0,2021-01-02 12:30:00
"5",0,0,0,0,0,0,0,0,0,0,0,2021-01-03 00:30:00
"6",0,0,0,0,0,0,0,0,0,0,0,2021-01-03 12:30:00
"7",0,0,0,0,0,0,0,0,0,0,0,2021-01-04 00:30:00
"8",0,0,0,0,0,0,0,0,0,0,0,2021-01-04 12:30:00
"9",0,0,0,0,0,0,0,0,0,0,0,2021-01-05 00:30:00
"10",0,0,0,0,0,0,0,0,0,0,0,2021-01-05 12:30:00
"11",0,0,0,0,0,0,0,0,0,0,0,2021-01-06 00:30:00
"12",0,0,0,0,0,0,0,0,0,0,0,2021-01-06 12:30:00
"13",0,0,0,0,0,0,0,0,0,0,0,2021-01-07 00:30:00
"14",0,0,0,0,0,0,0,0,0,0,0,2021-01-07 12:30:00
"15",0,0,0,0,0,0,0,0,0.002,0,0,2021-01-08 00:30:00
"16",0,0,0,0,0,0,0.004,0,0.002,0,0,2021-01-08 12:30:00
"17",0.818,0,0,0,0,0,0.012,0,0.004,0,0,2021-01-09 00:30:00
"18",0,0,0,0,0,0,0.066,0,0,0,0,2021-01-09 12:30:00
"19",0,0,0,0,0,0,0.13,0,0.002,0,0,2021-01-10 00:30:00
"20",0,0,0,0,0,0,0.18,0,0,0,0,2021-01-10 12:30:00
"21",0,0,0,0,0,0,0.21,0,0,0,0,2021-01-11 00:30:00
"22",0,0,0,0,0,0,0.132,0,0,0,0,2021-01-11 12:30:00
"23",0,0,0,0,0,0,0.082,0,0,0,0,2021-01-12 00:30:00
"24",0,0,0,0,0,0,0.04,0,0,0,0,2021-01-12 12:30:00
"25",0,0,0,0,0,0,0.008,0,0,0,0,2021-01-13 00:30:00
"26",0.182,0,0,0,0,0,0.002,0,0,0,0,2021-01-13 12:30:00
"27",0,0,0.002,0,0,0,0,0,0,0,0,2021-01-14 00:30:00
"28",0,0,0,0,0,1,0,0,0,0,0,2021-01-14 12:30:00
"29",0,0,0.004,0,0,0.89,0,0,0,0,0,2021-01-15 00:30:00
"30",0,0,0.002,0,0,0,0,0,0,0,0,2021-01-15 12:30:00
"31",0,0,0.002,0,0,0,0,0,0,0,0,2021-01-16 00:30:00
"32",0,0,0.006,0,0,0,0,0,0,0,0,2021-01-16 12:30:00
"33",0,0,0.006,0,0,0,0,0,0,0,0,2021-01-17 00:30:00
"34",0,0,0.02,0,0,0,0,0,0,0,0.008,2021-01-17 12:30:00
"35",0,0,0.006,0,0,1,0,0,0,0,0,2021-01-18 00:30:00
"36",0,0,0.014,0.008,0,0,0,1,0,0,0.002,2021-01-18 12:30:00
"37",0,0,0.016,0.036,0,0,0,0,0,0,0,2021-01-19 00:30:00
"38",0,0,0.068,0.008,0,0,0,0,0,0,0.004,2021-01-19 12:30:00
"39",0,0,0.066,0.9,0,0,0,0,0,0,0,2021-01-20 00:30:00
"40",0,0,0.086,0,0,0,0,0,0,0,0,2021-01-20 12:30:00
"41",0,0,0.058,0,0,0,0,0,0,0,0,2021-01-21 00:30:00
"42",0,0,0.018,0,0,0,0,0,0,0,0,2021-01-21 12:30:00
"43",0,0,0.018,0,0,0,0,0,0,0,0,2021-01-22 00:30:00
"44",0,0,0.014,0,0,0,0,0,0,0,0,2021-01-22 12:30:00
"45",0,0,0.008,0,0,0,0,0,0,0,0,2021-01-23 00:30:00
"46",0,0,0.004,0,0,0,0,0,0,0,0,2021-01-23 12:30:00
"47",1,0,0.002,0,0,0,0,0,0,0,0,2021-01-24 00:30:00
"48",0,0,0.008,0,0,0,0,0,0,0,0,2021-01-24 12:30:00
"49",0,0,0.002,0,0,0,0,0,0,0,0,2021-01-25 00:30:00
"50",0,0,0,0.046,0,0,0,0,0,0,0,2021-01-25 12:30:00
"51",0,0,0,0,0,0,0,0,0,0,0,2021-01-26 00:30:00
"52",0,1,0.004,0,0,0,0,0,0,0,0.002,2021-01-26 12:30:00
"53",0,0,0,1,0,0,0,0,0,0,0,2021-01-27 00:30:00
"54",0,0,0.012,0,0,0.032,0,0,0.072,0,0,2021-01-27 12:30:00
"55",0,0,0.008,0,0,0.968,0,0,0,0,0,2021-01-28 00:30:00
"56",0,0,0.016,1,0,0,0,0,0,0,0.006,2021-01-28 12:30:00
"57",0,0,0.016,0,0,0,0,0,0,0,0,2021-01-29 00:30:00
"58",0,0,0.014,0,0,0,0,0,0,0,0.004,2021-01-29 12:30:00
"59",0,0,0.02,0,0,0,0,0,0,0,0.898,2021-01-30 00:30:00
"60",0,0,0.006,0,0,0,0,0,0,0,0,2021-01-30 12:30:00
"61",0,0,0,0,0,0,0,0,0,0,0,2021-01-31 00:30:00
"62",0,0,0.016,0,0,0,0,0,0,0,0,2021-01-31 12:30:00
"63",0,0,0.004,0,0,0,0,0,0,0,0,2021-02-01 00:30:00
"64",0,0,0.004,0,0,0,0,0,0,0,0,2021-02-01 12:30:00
"65",0,0,0.004,0,0,0,0,0,0,0,0,2021-02-02 00:30:00
"66",0,0,0,0,0,0,0,0,0,0,0,2021-02-02 12:30:00
"67",0,0,0,0,0,0,1,0,0,0,0,2021-02-03 00:30:00
"68",0,0,0.004,0,0,0,0,0,0,0,0,2021-02-03 12:30:00
"69",0,0,0.008,0,0,0,0,0,0,0,0,2021-02-04 00:30:00
"70",0,0,0.004,0,0,0,0,0.002,0,1,0,2021-02-04 12:30:00
"71",0,0,0.002,0,0,0,0,0,0,0,0,2021-02-05 00:30:00
"72",0,0,0.002,0,0,0,0,0.002,0,0,0,2021-02-05 12:30:00
"73",0,0,0,0,0,0,0,0,0,0,0,2021-02-06 00:30:00
"74",0.002,0,0,0,0,0,0,0.002,0,0,0,2021-02-06 12:30:00
"75",0,0,0,0,0,0,0,0,0,0,0,2021-02-07 00:30:00
"76",0.16,0,0,0,0,0,0,0.006,0,0,0,2021-02-07 12:30:00
"77",0.01,0,0,0,0,0,0,0.014,0,0,0,2021-02-08 00:30:00
"78",0.034,0,0,0,0,0,0,0.022,0,0,0,2021-02-08 12:30:00
"79",0.002,0,0,0,0,0,0,0.016,0.93,0,0.076,2021-02-09 00:30:00
"80",0,0,0,0,0,0,0,0.004,0,0,0,2021-02-09 12:30:00
"81",0,0,0,0.002,0,0,0,0,0,0,0,2021-02-10 00:30:00
"82",0,0,0,0,0,0,0,0.002,0,0,0,2021-02-10 12:30:00
"83",0,0,0,0,0,0,0,0.004,0,0,0,2021-02-11 00:30:00
"84",0,0,0,0.002,0,1,0,0,0,0,0,2021-02-11 12:30:00
"85",0,0,0,0.014,0,0,0,0.01,0,0,0,2021-02-12 00:30:00
"86",0,0,0,0.06,0,0,0,0.01,0,0,0,2021-02-12 12:30:00
"87",0,0,0,0.178,0,0,0,0.004,0,0,0,2021-02-13 00:30:00
"88",0,0,0,0.054,0,0,0,0.006,0,0,0,2021-02-13 12:30:00
"89",0,0,0,0.376,0,0,0,0.004,0,0,0,2021-02-14 00:30:00
"90",0,0,0,0.03,0,0,0,0.042,0,0,0,2021-02-14 12:30:00
"91",0,0,0,0.034,0,0,0,0.04,0,0,0,2021-02-15 00:30:00
"92",0,0,0,0.002,0,1,0,0.04,0,0,0,2021-02-15 12:30:00
"93",0,0,0,0,0,1,0,0.036,0,0,0,2021-02-16 00:30:00
"94",0,0,0,0,0,1,0,0.04,0,0,0,2021-02-16 12:30:00
"95",0,0,0,0.002,0,1,0,0.064,0,0,0,2021-02-17 00:30:00
"96",0,0,0,0.002,0,1,0,0.048,0,0,0,2021-02-17 12:30:00
"97",0,0,0,0.008,0,0,0,0.052,0,0,0,2021-02-18 00:30:00
"98",0,0,0,0,0,1,0,0.032,0,0,0,2021-02-18 12:30:00
"99",0,0,0,0,0,1,0,0.018,0,0,0,2021-02-19 00:30:00
"100",0,0,1,0,0,0,0,0.028,0,0,0,2021-02-19 12:30:00
"101",1,0,0,0,0,0,0,0.286,0,0,0,2021-02-20 00:30:00
"102",0,0,0,0,0,0,0,0.062,0,0,0,2021-02-20 12:30:00
"103",0.018,1,0,0,0,0,0,0.016,0,0,0,2021-02-21 00:30:00
"104",0,0,0,0,0,0,0,0,0,0,0,2021-02-21 12:30:00
"105",0.982,0,0,0,0,0,0,0,0,0,0,2021-02-22 00:30:00
"106",0.982,0,0,0,0,0,0,0,0,0,0,2021-02-22 12:30:00
"107",0.982,0,0,0,0,0,0,0.01,0,0,0,2021-02-23 00:30:00
"108",0.982,0,0,0,0,0,0,0,0,0,0,2021-02-23 12:30:00
"109",0.982,0.006,0,0,0,0,0,0.012,0,0,0,2021-02-24 00:30:00
"110",0,0.046,0,0,0,0,0,0.006,0,1,0,2021-02-24 12:30:00
"111",0.018,0.002,0,0,0,0,0,0.006,0,0,0,2021-02-25 00:30:00
"112",0,0.002,0,0,0,0,0,0,0,0,0,2021-02-25 12:30:00
"113",1,0.006,0,0,0,0,0,0,0,0,0,2021-02-26 00:30:00
"114",0,0.016,0,0,0,0,0,0,0,0,0.014,2021-02-26 12:30:00
"115",0,0,0,0,0,0,0,0.012,0,0,0.004,2021-02-27 00:30:00
"116",0,0,0,0,0,0,0,0,0,0,0.002,2021-02-27 12:30:00
"117",0,0,0,0,0,0,0,0,0,0,0.004,2021-02-28 00:30:00
"118",0,0,0,0,0,0,0,0,0,0,0,2021-02-28 12:30:00
"119",0,0,0,0,0,1,0,0.034,1,0,0,2021-03-01 00:30:00
"120",0,0.004,0,0,0,0,0,0,0,0,0,2021-03-01 12:30:00
"121",0,0.034,0,0,0,0,0,0.138,0,0,0,2021-03-02 00:30:00
"122",0,0.07,0,0,0.002,0,0,0.306,0,0,0,2021-03-02 12:30:00
"123",0,0.108,0,0,0,0,0,0.118,0,0,0,2021-03-03 00:30:00
"124",0,0.052,0,0,0,0,0,0,0,0,0.002,2021-03-03 12:30:00
"125",0,0.06,0,0,0,0,0,0.104,0,0,0.006,2021-03-04 00:30:00
"126",0,0.126,0,0,0,0,0,0,0,0,0.004,2021-03-04 12:30:00
"127",0,0.064,1,0,0,0,0,0,0,0,0.01,2021-03-05 00:30:00
"128",0,0.054,0,1,0,0,0,0,0,0,0.004,2021-03-05 12:30:00
"129",0,0.006,0,1,0.004,0,0,0.004,0,0,0.024,2021-03-06 00:30:00
"130",0,0.006,0,1,0,0,1,0.002,0,0,0.036,2021-03-06 12:30:00
"131",0,0.126,0,1,0,0,0,0,0,0,0.004,2021-03-07 00:30:00
"132",0,0.002,0,1,0,0,0,0,0,0,0.002,2021-03-07 12:30:00
"133",0,0.028,0,1,0,0,0,0,0,0,0,2021-03-08 00:30:00
"134",0,0.074,0,0,0,0,0,0,0,1,0.018,2021-03-08 12:30:00
"135",0,0,0,0,0,0,0,0,0,0,0.01,2021-03-09 00:30:00
"136",0,0.106,1,1,0,0,0,0.002,0,0,0.002,2021-03-09 12:30:00
"137",0,0,0,0,0,1,0,0,0,0,0.002,2021-03-10 00:30:00
"138",1,0,0,0,0,0,0,0,0,0,0.014,2021-03-10 12:30:00
"139",0,0,0,0,0,0,0,0.004,0,0,0.012,2021-03-11 00:30:00
"140",0,0,0,0,0,0,0,0.002,0,0,0.004,2021-03-11 12:30:00
"141",0,0,0,0,0,0,0,0.254,0,0,0.022,2021-03-12 00:30:00
"142",0,0,0,0,0,0,0,0,0,0,0.012,2021-03-12 12:30:00
"143",0,0,0,0,1,0,0,0.008,0,0,0.194,2021-03-13 00:30:00
"144",0,0,0,0,0,0,0,0.006,0,1,0.044,2021-03-13 12:30:00
"145",0,0,0.01,0,0,0,0,0.018,0,1,0.09,2021-03-14 00:30:00
"146",0,0,0,0,0,0,0,0.004,0,1,0.124,2021-03-14 12:30:00
"147",0,0,0,0,0,0,1,0,0,1,0.26,2021-03-15 00:30:00
"148",0,0,0,0,0,0,1,0,0,1,0.004,2021-03-15 12:30:00
"149",0,0,0.98,0,0,0,1,0,0,0.596,0.004,2021-03-16 00:30:00
"150",0,0,0,0,0,0,0,0,0,0.594,0,2021-03-16 12:30:00
"151",0,0,0,1,0,0,0,0,0,0,0.002,2021-03-17 00:30:00
"152",0,0,0,0,0,0,0,0,0,1,0,2021-03-17 12:30:00
"153",0,0,0,0,0,0,0.002,0.006,0,0,0,2021-03-18 00:30:00
"154",0,0,0,0,0,0,1,0,0,0,0,2021-03-18 12:30:00
"155",0,0,0,0,0,0,0,0,0.002,0,0,2021-03-19 00:30:00
"156",0,0,0,0,0.004,0,0,0,0,0,0,2021-03-19 12:30:00
"157",0,0,0,0,0,0,0,0,0.008,0,0,2021-03-20 00:30:00
"158",1,0,0,1,0.004,0,0,0,0,0,0,2021-03-20 12:30:00
"159",0,0.082,0,0,0,0,0,0,0.008,0,0,2021-03-21 00:30:00
"160",0,0.73,0,0,0,0.002,0,0,0,1,0.002,2021-03-21 12:30:00
"161",1,0.084,0,0,0,0,0,0,0,0,0,2021-03-22 00:30:00
"162",0,0,0,0,1,0,0,0,0,0,0,2021-03-22 12:30:00
"163",0,0.012,0,0,0,0,0,0.048,0.006,0,0,2021-03-23 00:30:00
"164",0,0.014,0,0,0,0,1,0,0.004,0,0.002,2021-03-23 12:30:00
"165",0,0.012,0,0,1,0,0,0,0.018,0,0.004,2021-03-24 00:30:00
"166",0.02,0.014,0,0,0,0,0,0,0.002,0,0.002,2021-03-24 12:30:00
"167",0.106,0,0,0,1,0,0,0.138,0.014,0.058,0.024,2021-03-25 00:30:00
"168",0.884,0.008,0,0,0,0,0,0.808,0.004,0,0.018,2021-03-25 12:30:00
"169",0.886,0.002,0,0,0,0,0,0,0.02,0.59,0.012,2021-03-26 00:30:00
"170",0,0.006,0,0,0.002,0,0,0,0,0.002,0,2021-03-26 12:30:00
"171",1,0.018,0,0,0,1,0,0,0,0.084,0,2021-03-27 00:30:00
"172",1,0.006,0,0,0,0,0,0,0,0,0,2021-03-27 12:30:00
"173",0,0.004,0,0,0,0,0,0,0,0,0,2021-03-28 00:30:00
"174",0,0.002,0,0,0,0,0,0,0,0,0,2021-03-28 12:30:00
"175",1,0,0.022,0,0,0,0,0,0,0,0,2021-03-29 00:30:00
"176",0,0,0.002,0,0,0,0,0,0,0,0,2021-03-29 12:30:00
"177",0,0,0,0,0,0,0,0,0,0,0,2021-03-30 00:30:00
"178",1,0.002,0,0,0,0,0,0,0,0,0,2021-03-30 12:30:00
"179",0,0,0.002,0,0,0,0,0,0,0,0,2021-03-31 00:30:00
"180",0,0,0,0,0,0,0,0,0,0,0,2021-03-31 12:30:00
"181",0,0,0,0,0,0,0,0,0,0,0,2021-04-01 00:30:00
"182",0,0,0,0,0,0,0,0,0,0,0,2021-04-01 12:30:00
"183",0,0,0,0,0,0,0,0,0,0,0,2021-04-02 00:30:00
"184",0,0,0,0,0,0,0,0,0,0,1,2021-04-02 12:30:00
"185",0,0,0,0,0,0,0,0,0,0,1,2021-04-03 00:30:00
"186",0,0,0,0,0,0,0,0.006,0,0,0,2021-04-03 12:30:00
"187",0,0,0,0,0,0,0,0,0,0,0,2021-04-04 00:30:00
"188",0,0,0,0,0,0,0,0,0,0,0,2021-04-04 12:30:00
"189",0,0,0,0,0,0,0,0,0,1,1,2021-04-05 00:30:00
"190",0,0,0,0,0,0,0,0,0,0,1,2021-04-05 12:30:00
"191",0,0,0,0,0,0,0,0,0,0,0,2021-04-06 00:30:00
"192",0,0,0,0,0,0,0,0,0,0,0,2021-04-06 12:30:00
"193",0,0,0,0,0,0,0,0,0,0,0,2021-04-07 00:30:00
"194",0,0,0,0,1,0,0,0,0,0,0,2021-04-07 12:30:00
"195",0,0,0,0,0,0,0,0,0,0,0,2021-04-08 00:30:00
"196",0,0,0,0,0,0,0,0,0,0,0,2021-04-08 12:30:00
"197",0,0,0,0,0,0,0,0,1,0,1,2021-04-09 00:30:00
"198",0,0,0,0,0,0,0,0,0,0,0,2021-04-09 12:30:00
"199",0,0,0,0,0,0,0,0,0,0.002,0,2021-04-10 00:30:00
"200",0,0,0,0,0,0,0,0,0,0,0,2021-04-10 12:30:00
"201",0,0,0,0,0,0,0,0,0,1,0,2021-04-11 00:30:00
"202",0,0.972,0,0,0,0,0,0,0,0,0,2021-04-11 12:30:00
"203",0,0,0,0,0,0,0,0,0,0,0,2021-04-12 00:30:00
"204",0,0,0,0,0,0,0,0,0,0,0,2021-04-12 12:30:00
"205",0,0,1,0,0,0,0,0,0,1,0,2021-04-13 00:30:00
"206",0,0,0,0,0,0,0,0,0,0,0,2021-04-13 12:30:00
"207",0,0,0,0,0,0,0,0,0,0,0,2021-04-14 00:30:00
"208",0,0.028,0,0,0,0,0,0.048,0,0,0,2021-04-14 12:30:00
"209",0,0,0,0,0,0,0,0.952,0,0,0,2021-04-15 00:30:00
"210",0,0,0,0,0,0,0,0,0,0,0,2021-04-15 12:30:00
"211",1,0,0,0,0,0,0,0,0,0,0,2021-04-16 00:30:00
"212",1,0,0,0,0,0,0,0,0,1,0,2021-04-16 12:30:00
"213",1,0,0,0,0.004,0,0,0,0,0,0,2021-04-17 00:30:00
"214",0,0,0,0,0.004,0,0,0,0,0,0,2021-04-17 12:30:00
"215",0,0,0,0,0.394,0,0,0,0,0,0,2021-04-18 00:30:00
"216",0,0,0,0,0.094,0,0,0,0,0,0,2021-04-18 12:30:00
"217",0,0,1,1,0.042,0,0,0,0,0,0,2021-04-19 00:30:00
"218",0,0,0,0,0.454,0,0,0,0,0,0,2021-04-19 12:30:00
"219",0,0,0,0,0.496,0,0,0,0,0,0,2021-04-20 00:30:00
"220",0,0,0,0,0.496,0,0,0,0,0,0,2021-04-20 12:30:00
"221",0,0,0,0,0.502,0,0,0,0,1,0,2021-04-21 00:30:00
"222",0,0,0,0,0.498,0,0,0,0,0,0,2021-04-21 12:30:00
"223",0,1,0,0,0,0,0,0,0,0,0,2021-04-22 00:30:00
"224",0,0,0,0,0.972,0,0,0,0,0,0,2021-04-22 12:30:00
"225",0,0,0,0,0,0,0,0,0.002,0,0,2021-04-23 00:30:00
"226",0.728,0,0,0.002,0.028,0.002,0,0,0,0.988,0,2021-04-23 12:30:00
"227",0,0,0,0,0,0.002,0,0,0,0,0,2021-04-24 00:30:00
"228",0.034,0,0,0,0,0,0,0,0,0,0,2021-04-24 12:30:00
"229",0,0,0.006,0,0,0.004,0,0,0,1,0,2021-04-25 00:30:00
"230",1,0,0.006,0,1,0.006,0,0,0,0,0,2021-04-25 12:30:00
"231",0,0,0.078,0,1,0.002,0,0,0,0,0,2021-04-26 00:30:00
"232",0,0,0.006,0,1,0,0,0,0,0,0,2021-04-26 12:30:00
"233",0,0,0.326,0,0,0,0,0,0,0,0,2021-04-27 00:30:00
"234",0,0,0.004,0,0,0,0,0,0,0,0,2021-04-27 12:30:00
"235",0,0,0.008,0,0,0,0,0,0,0,0,2021-04-28 00:30:00
"236",0,0,0,0,0,0,0,0,0,0,0,2021-04-28 12:30:00
"237",0,0,0.478,0,0,0,1,0,0,0,0,2021-04-29 00:30:00
"238",0,0,0,0,0,0,1,0,0,0,0,2021-04-29 12:30:00
"239",0,0,1,0,0,0,1,0,0,0,0,2021-04-30 00:30:00
"240",0,0,1,0,0,0,0,0,0,0,0,2021-04-30 12:30:00
"241",0,0,1,0,0,0,0,0,0.002,0,0,2021-05-01 00:30:00
"242",0,0,1,0,0,1,0,0,0,0,0,2021-05-01 12:30:00
"243",0,0,1,0,0,0,0,0,0,0,0,2021-05-02 00:30:00
"244",0,0,1,0,0,0,0.106,0.002,0.006,0,1,2021-05-02 12:30:00
"245",0,0,1,0,0,0,0,0.004,0.004,0,1,2021-05-03 00:30:00
"246",0,1,1,0,0,0,1,0,0.006,0,0,2021-05-03 12:30:00
"247",0.002,0,0,0,0,0,1,0,0.008,0,1,2021-05-04 00:30:00
"248",0.004,0,0,0,0,0,1,0,0.004,0,1,2021-05-04 12:30:00
"249",0.024,0,0,0,0,0,0,0.002,0.002,0,0,2021-05-05 00:30:00
"250",0,0,0.39,0,0,0,0,0,0.01,0,0,2021-05-05 12:30:00
"251",0,0,0,0,0,0,0,0.002,0.002,0.112,1,2021-05-06 00:30:00
"252",0,0,0.002,1,0,0,0,0.006,0.292,0,1,2021-05-06 12:30:00
"253",0,0,0,0,0,0,0,0,0,0.016,0,2021-05-07 00:30:00
"254",0,0,0,0,0,0,1,0,0,0.008,0,2021-05-07 12:30:00
"255",0.986,0,0,0,0,0,0,0.004,0,0.004,0,2021-05-08 00:30:00
"256",0,0,0,0,0,0,0,0.008,0.118,0,0.17,2021-05-08 12:30:00
"257",0,0,0,0,0,0,0,0.008,0,0,0,2021-05-09 00:30:00
"258",0,0,0,0,0,0,0,0.072,0,0,0.82,2021-05-09 12:30:00
"259",0.014,0,0,0,0,0,0,0.17,0,1,0,2021-05-10 00:30:00
"260",1,0,0,0,0,0,0,0.21,0,0,0,2021-05-10 12:30:00
"261",0,1,0.5,0,0,0,0,0.02,0,0,0,2021-05-11 00:30:00
"262",0,1,0,0,0,0,0,0.006,0,0,0,2021-05-11 12:30:00
"263",0,1,0.5,0,0,0,0,0.2,0,0,0,2021-05-12 00:30:00
"264",0,1,0.5,0,0,0,0,0.276,0,0,0,2021-05-12 12:30:00
"265",0,0,0.5,0,0,0,0,0.03,0,0,0,2021-05-13 00:30:00
"266",0,0,0.5,0,0,0,0,0.052,0,1,0,2021-05-13 12:30:00
"267",0,0,0,0,0,0,1,0.418,0,0,0,2021-05-14 00:30:00
"268",0,0,1,0,0,0,1,0,0,0,0,2021-05-14 12:30:00
"269",0,0,1,0,0,0,1,0.496,0,0,0,2021-05-15 00:30:00
"270",0,0,1,0,0,0,1,0.004,0,0,0,2021-05-15 12:30:00
"271",0,0,0,0,0,0,0,0.5,0.572,0,0,2021-05-16 00:30:00
"272",0,0.002,0,0,0,0,0,0.5,0,0,0,2021-05-16 12:30:00
"273",0,0.006,0,0,0,0,0,0.5,0.018,0,0.35,2021-05-17 00:30:00
"274",0,0,0,0,0,0,0,0.5,0.002,0,0,2021-05-17 12:30:00
"275",0,0,0,0,1,0,0,0,0,1,0,2021-05-18 00:30:00
"276",0,0,0,0,0,0,0,1,0,0,0,2021-05-18 12:30:00
"277",0,0,0,0,0,0,0,1,0,0,0,2021-05-19 00:30:00
"278",1,0,0,0,0,0,0,1,0.002,0,0,2021-05-19 12:30:00
"279",0,0,0,1,0,0,0,1,0,0,0,2021-05-20 00:30:00
"280",0,0,0,1,1,0,0,1,0,0,0.352,2021-05-20 12:30:00
"281",0,0.014,0,0,0,0,0,1,0,0,0,2021-05-21 00:30:00
"282",0,0.004,0,0,0,0,0,1,0.006,0,0,2021-05-21 12:30:00
"283",0,0.086,0,1,0,0,0,1,0.004,0,0,2021-05-22 00:30:00
"284",0,0.378,0,1,0,0,0,1,0.004,0,0,2021-05-22 12:30:00
"285",0.096,0.482,0,1,0,0,0,0.5,0.002,0,0.002,2021-05-23 00:30:00
"286",0.812,0,0,1,0,0,0,1,0,0,0.004,2021-05-23 12:30:00
"287",0,0,0,0,0,0,0,0,0,0,0,2021-05-24 00:30:00
"288",0,0,0,0,1,0,0,0,0.004,0,0,2021-05-24 12:30:00
"289",0,0,0,0,0,0,0,0,0.008,0,0,2021-05-25 00:30:00
"290",0,0,0,0,0,0,0,0,0,0,0,2021-05-25 12:30:00
"291",0,0,0,0,0,0,0,0,0,0,0,2021-05-26 00:30:00
"292",0,0,0,0,0,0,0,0,0,0,0,2021-05-26 12:30:00
"293",0,0,0,0,0,0,1,0,0,0,0,2021-05-27 00:30:00
"294",0,0,0,0,0,0,1,0,0.288,0,0,2021-05-27 12:30:00
"295",0,0,1,0,0,0,1,0,0,0,0,2021-05-28 00:30:00
"296",0,0,0.008,0,0,0,0,0,0,0,0,2021-05-28 12:30:00
"297",0,0,0,1,0,0,0,0,0,0,0,2021-05-29 00:30:00
"298",0,0,0,0,0,0,0,0,0,0,0,2021-05-29 12:30:00
"299",0,0,0,0,0,0,0,1,0,0,1,2021-05-30 00:30:00
"300",0,0,0,0,0,0,0,1,0,0,0.23,2021-05-30 12:30:00
"301",0,0,0,0,0,0,0,0,0,0,0,2021-05-31 00:30:00
"302",0,0,0,0,0,0,1,1,0,0,0,2021-05-31 12:30:00
"303",0,0,0,0,0,0,1,1,0,0,0,2021-06-01 00:30:00
"304",0,0,0,1,0,1,1,1,0,0,0,2021-06-01 12:30:00
"305",0,0,0,0,0,0,0,1,0,0,0,2021-06-02 00:30:00
"306",0,0,1,0,0,0,0,1,0,0,0,2021-06-02 12:30:00
"307",0,0,0,0,0,0,0,1,0,0,0.004,2021-06-03 00:30:00
"308",0,0,0,0,0,0,1,1,0.614,0,1,2021-06-03 12:30:00
"309",0.09,0,0,0,0,0,0,0,0.1,0,0,2021-06-04 00:30:00
"310",0,0,0,0,0,0,0,0,0,0,0,2021-06-04 12:30:00
"311",0,1,0,0,0,0,0,0,0,0,0,2021-06-05 00:30:00
"312",0,0,0,0,0,0,0,0,0,0,0,2021-06-05 12:30:00
"313",0,0,0,0,0,0,0,0,0,0,0,2021-06-06 00:30:00
"314",0,0,0,0,0,0,0,0,0.008,0,0,2021-06-06 12:30:00
"315",0,0,0,0,0,0,0,0,0.004,1,0,2021-06-07 00:30:00
"316",0,0,0,0,0,0,0,0,0,0,0,2021-06-07 12:30:00
"317",0,0,0,0,0,1,0,0,0.01,0,0,2021-06-08 00:30:00
"318",0,0,0,0,0,0,0,1,0.016,0.038,0,2021-06-08 12:30:00
"319",0,0,0,0,0,0,0,0,0.024,0,0,2021-06-09 00:30:00
"320",0,0,0,0,0,0,0,0,0.014,0,0,2021-06-09 12:30:00
"321",0,0,0,0,0,0,0,0,0.026,0,0,2021-06-10 00:30:00
"322",0,0,0,0,0,0.998,0,0,0.036,0,0,2021-06-10 12:30:00
"323",0,0,0,0,0,0,0,0,0.02,0,0,2021-06-11 00:30:00
"324",0,0,0,0,0,0,0,0,0.028,0,0,2021-06-11 12:30:00
"325",0,0,0,0,0,0,0,0.008,0.008,0,0,2021-06-12 00:30:00
"326",0,0,0,0,0,0,0,0,0.01,0,0,2021-06-12 12:30:00
"327",0.912,0,0,0,0,0,0,0,0.004,0,0,2021-06-13 00:30:00
"328",0,0,0,0,0,1,0,0,0.008,1,0,2021-06-13 12:30:00
"329",0,0,0,0.522,0,0,0,0.5,0.002,0,0,2021-06-14 00:30:00
"330",0,0,0,0,0,0,0,0.004,0.002,0,0,2021-06-14 12:30:00
"331",0,0,0,0.48,0,0,0,0.5,0,0,0,2021-06-15 00:30:00
"332",0,0,0,0,0,0,0,0.5,0,0,0,2021-06-15 12:30:00
"333",0,0,0,0,0,0,0,0,0,0,0,2021-06-16 00:30:00
"334",0,0,0,0,0,0,0,0,0,0,0,2021-06-16 12:30:00
"335",0,0,0,0,0,0,0,0,0,0,0,2021-06-17 00:30:00
"336",1,0,0,0,1,0,0,0,0,0,0,2021-06-17 12:30:00
"337",0,0,0,0,0,0,0,0,0,0,0,2021-06-18 00:30:00
"338",0,0,0,0,0,0,0,1,0,0,0,2021-06-18 12:30:00
"339",0,0,0,0,0,0,0,1,0,0,0,2021-06-19 00:30:00
"340",0.002,0,0,0,0,0,0,1,0,0,0,2021-06-19 12:30:00
"341",0,0,0,0,0,0,0,1,0,0,0,2021-06-20 00:30:00
"342",0,0,0,0,0,0,0,1,0,0,0,2021-06-20 12:30:00
"343",0,0,0,0,0,0,0,1,0,0,0,2021-06-21 00:30:00
"344",1,0,0,0,0,0,0,1,0,0,0,2021-06-21 12:30:00
"345",0,0,0,0,0,0,0,0,0,0,0,2021-06-22 00:30:00
"346",0,0,0,0,1,0,0,0,0,0,0,2021-06-22 12:30:00
"347",0,0,0,0,0,0,0,0.006,0,0,0,2021-06-23 00:30:00
"348",0,0,0,0,0,0,0,0.01,0.592,0,0,2021-06-23 12:30:00
"349",0,0,0,0.482,0,0,0,0.006,0,0,0,2021-06-24 00:30:00
"350",0,0,0,0,0,0,0,0,1,0,0,2021-06-24 12:30:00
"351",0,0,0.996,0,0,0,0,0,0.006,0,0,2021-06-25 00:30:00
"352",0,0,0.002,0,0,0,0.028,0,0,0,0,2021-06-25 12:30:00
"353",0,0,0.162,0,0,0,0.974,0,0.124,0,1,2021-06-26 00:30:00
"354",0,0,0.828,0,0,0,0,0,0,0,0,2021-06-26 12:30:00
"355",0,0,0,0,0,0,0,0,0,0,0,2021-06-27 00:30:00
"356",0,0.004,0,0,0,0,1,0,0,0,0.016,2021-06-27 12:30:00
"357",0,0.002,0,0,0,0,0,0,0,0,0,2021-06-28 00:30:00
"358",0,0.01,0,0.004,0,0,0,0,0,0,0,2021-06-28 12:30:00
"359",0,0.01,0,0.432,0,0,0,0,0,0,0,2021-06-29 00:30:00
"360",0,0.01,0,0,0,0,0,0,0,0,0,2021-06-29 12:30:00
"361",0,0.004,0,0,0.002,0,0,0.01,0,0,0,2021-06-30 00:30:00
"362",0,0,0,0,0.004,0,0,0.01,0,0,0,2021-06-30 12:30:00
"363",0,0,0,0,0.014,0,0,0,0,0,0,2021-07-01 00:30:00
"364",1,0,0,0.01,0.01,0,0,0,0,0,1,2021-07-01 12:30:00
"365",0,0,0,0,0.016,0,0,0,1,0,0,2021-07-02 00:30:00
"366",0,0,0,0.422,0.026,0,1,0,0,0,0,2021-07-02 12:30:00
"367",0,0,0,0,0.026,0,0,0,0,0,0,2021-07-03 00:30:00
"368",0,0,0.004,0.002,0.02,0,0,0,0.774,0,0,2021-07-03 12:30:00
"369",0,0,0,0,0.044,0,0,0,0,0,0,2021-07-04 00:30:00
"370",0,0,0,0,0.028,0,0,0,0.002,0,0,2021-07-04 12:30:00
"371",0,1,0.268,0,0.032,0,0,0,1,0,0,2021-07-05 00:30:00
"372",0,0,0,0,0.028,0,0.002,0,1,0,0,2021-07-05 12:30:00
"373",0,0,0.73,0,0.066,1,0,0,0,1,0,2021-07-06 00:30:00
"374",0,1,0,0,0.034,0,0.006,0,0.338,0,0,2021-07-06 12:30:00
"375",0,0,0,0,0.068,0,0.044,0,1,0,0,2021-07-07 00:30:00
"376",0,0,0,0,0.01,1,0.018,0,0,0,0,2021-07-07 12:30:00
"377",0,0,0,0,0.04,0,0.008,0,0,0,0,2021-07-08 00:30:00
"378",0,0,0,0,0.004,0,0,0,1,0,0,2021-07-08 12:30:00
"379",0,0,0,0,0.012,0,0,0,1,0,0,2021-07-09 00:30:00
"380",0,0,1,0,0.002,0,0,0,0.012,0,0,2021-07-09 12:30:00
"381",0,0,0,0,0,0,0,0,0,0,0,2021-07-10 00:30:00
"382",0,1,0,0,0,0,0,0,1,0,0,2021-07-10 12:30:00
"383",0,0,0,0,0,0,0,0,0,0,0,2021-07-11 00:30:00
"384",0,0,0,0,0,1,0,0,0,1,0,2021-07-11 12:30:00
"385",0,0,0,0,0,0,0,0,0,0,0,2021-07-12 00:30:00
"386",0,0,0,0,0,0,0,0,0,0,0,2021-07-12 12:30:00
"387",0,0,0,0,0,0,0,1,0,0,0,2021-07-13 00:30:00
"388",0,0,0,1,0,0,0,0,0,0,0,2021-07-13 12:30:00
"389",0,0,0,0,0,0,0,0,0,0,0,2021-07-14 00:30:00
"390",0,0,0,0,0,0,0,0,0,0,0,2021-07-14 12:30:00
"391",0,0,0,0,0,0,0,1,0,0,0,2021-07-15 00:30:00
"392",1,0,0,0.002,0,0,0,0,0,0,0,2021-07-15 12:30:00
"393",0,0,0,0.002,0,0,0,0,1,0,0,2021-07-16 00:30:00
"394",0,0,0,0,1,0,0,0,0,0,0,2021-07-16 12:30:00
"395",0,0,0,0,0,1,0,0,1,0,0,2021-07-17 00:30:00
"396",0,0,0,0,0,0,0,0,0,0,0,2021-07-17 12:30:00
"397",0,0,0,0,0,0,0,0,0.968,0,0,2021-07-18 00:30:00
"398",0,0,0,0,0,0,0,0,0,0,0,2021-07-18 12:30:00
"399",1,0,0,0,0,0,0,0,0,0,0,2021-07-19 00:30:00
"400",0,0,0,0,0,0,0,1,1,0,0,2021-07-19 12:30:00
"401",0,0,0,0,0,0,0,0,0,0,0,2021-07-20 00:30:00
"402",0,0,0,0,0.004,0,0,0,0,0,0,2021-07-20 12:30:00
"403",0,0,0,0,0,0,0,0,0,0,0,2021-07-21 00:30:00
"404",0.002,0,0,0,0.518,0,0,0,1,0,0,2021-07-21 12:30:00
"405",0,0,0,1,0.35,0,0,0,0.958,0,0,2021-07-22 00:30:00
"406",0,0,0,0,0.12,0,0,0,0,0,0,2021-07-22 12:30:00
"407",0,0,0,0,0.004,0,0,0.002,0,0,0,2021-07-23 00:30:00
"408",0,0,0,0,0,0,0,0.002,1,0,0,2021-07-23 12:30:00
"409",0,0,0,0,0,0,0,0.062,0,0,0,2021-07-24 00:30:00
"410",0,0,0,0,0,0,0,0.246,0,1,1,2021-07-24 12:30:00
"411",0,0,0,0,0,0,1,0.176,0,0,0,2021-07-25 00:30:00
"412",0,0,0,0,0,0,1,0.01,0,0,0,2021-07-25 12:30:00
"413",0,0,0,0,0,0,0,0.004,0,0,0,2021-07-26 00:30:00
"414",0,0,0,0,0,0,0,0,0,0,0,2021-07-26 12:30:00
"415",0,0,0,0,0,0,0,0,0,0,0,2021-07-27 00:30:00
"416",0,0,0,0,0,0,0,0,0,0,0,2021-07-27 12:30:00
"417",0,0,0,0,0,0,0,0,0,0,0,2021-07-28 00:30:00
"418",0,0,0,0,0,0,0,0,0,0,0,2021-07-28 12:30:00
"419",0,0,0,0,0,0,0,0,0,0,0,2021-07-29 00:30:00
"420",0,0,0,0,0,0,1,0,0,0,0,2021-07-29 12:30:00
"421",0,0,0,0,0,0,0,0,0,0,0,2021-07-30 00:30:00
"422",0,0,0,0,0,0,0,0,0,0,1,2021-07-30 12:30:00
"423",0,0,0,0,0,0,0,0,0,0,0,2021-07-31 00:30:00
"424",0,0,0,0,0,0,0,0,0,0,0,2021-07-31 12:30:00
"425",0,0,0,0,0,0,0,0,0,0,0,2021-08-01 00:30:00
"426",0,0,0,0,1,0,0,0,0,0,0,2021-08-01 12:30:00
"427",0,1,0,0,0,0,0,0,1,0,0,2021-08-02 00:30:00
"428",1,0,0,0,0,0,0,0,0,0,0,2021-08-02 12:30:00
"429",0,0.008,1,0,0,0,0.614,0,0,0,0,2021-08-03 00:30:00
"430",0,0.004,0,0,0,0,0.108,0,1,1,0,2021-08-03 12:30:00
"431",0,0.796,0,0,0,0,0.278,0,0,0,0,2021-08-04 00:30:00
"432",0,0.008,0,0.002,0,0,0,0,0,0,0,2021-08-04 12:30:00
"433",0,0.008,0,0,0,1,0,0,1,0,0,2021-08-05 00:30:00
"434",1,0,0,0,0,0,0,0,0,0,0,2021-08-05 12:30:00
"435",0,0,0,0.008,0,0,0,0,0,0,0,2021-08-06 00:30:00
"436",0,0,0,0.006,0,0,0,0,1,0,0,2021-08-06 12:30:00
"437",0,0,0,0.014,0,0,0,0,0.002,0,0,2021-08-07 00:30:00
"438",0,0,0,0.006,0,0,0,0,0,0,0,2021-08-07 12:30:00
"439",0,0,0,0.018,0,0,0,0,0,0,0,2021-08-08 00:30:00
"440",0,0,0,0.024,0.254,0,0,0,0,0,0,2021-08-08 12:30:00
"441",0,0,0,0.024,0,0,0,0,0,0,0,2021-08-09 00:30:00
"442",0,1,1,0.022,0,1,0,0,0.948,0,0,2021-08-09 12:30:00
"443",0,0,0,0.022,0.746,0,1,0,0,0,0,2021-08-10 00:30:00
"444",0,0,0,0.006,0,0,0,0,0,1,0,2021-08-10 12:30:00
"445",0,0,0,0.016,0,0,0,1,0.058,0,0,2021-08-11 00:30:00
"446",0,0,0,0.012,0,0,0,0.236,0,0,0,2021-08-11 12:30:00
"447",0,0,0,0.012,0,0,0,0.52,0,0,0,2021-08-12 00:30:00
"448",0,0,0,0.12,0,0,0,0,0.42,0,0,2021-08-12 12:30:00
"449",0,0,0,0.212,0,0,0,0.436,0,0,0,2021-08-13 00:30:00
"450",0,0,0,0,0,0,0,0,0,0,0,2021-08-13 12:30:00
"451",0,0,0,0,0,0,0,0.18,0.584,0,0,2021-08-14 00:30:00
"452",0,0,0,0.244,0,0,0,0,0,0,0,2021-08-14 12:30:00
"453",0,0,0,0,0,0,0,0.002,0,0,0,2021-08-15 00:30:00
"454",1,0,0.008,0,0,0,0,0.004,0,0,0,2021-08-15 12:30:00
"455",0,0,0.008,0,0,0,0,0,0,0,0,2021-08-16 00:30:00
"456",0,0,0.018,0,0,0,0,0,0,0,0,2021-08-16 12:30:00
"457",0,0,0.028,0,0.002,0,0,0,0,0,0,2021-08-17 00:30:00
"458",0,0,0.034,0,0,0,0,0.166,0,0,0,2021-08-17 12:30:00
"459",0.07,0,0.014,0,0.002,0,0,0,0,0,0,2021-08-18 00:30:00
"460",0.932,0,0.006,0,0,0,0,0.83,0,0,0,2021-08-18 12:30:00
"461",0,0,0,0,0,0,0,0,0,0,0,2021-08-19 00:30:00
"462",0,1,0.024,0,0,0,0,0,0,0,0,2021-08-19 12:30:00
"463",0,0,0.116,0.332,0,0,0,0,0,0,0,2021-08-20 00:30:00
"464",0,0,0.222,0.014,0,0,0,0.08,0,0,0,2021-08-20 12:30:00
"465",0,0,0.386,0.046,0,0,0,0.002,0,0,0,2021-08-21 00:30:00
"466",0,0,0.008,0.04,0,0,0,0,0,1,0,2021-08-21 12:30:00
"467",0,0,0.008,0.012,0,0,0,0.02,0,0,0,2021-08-22 00:30:00
"468",0,0,0.186,0.006,0,0,0,0.044,0,0,0,2021-08-22 12:30:00
"469",0,0,0.044,0.04,0,1,1,0.322,0,0,1,2021-08-23 00:30:00
"470",0,0,0.008,0.036,0,0,0,0.332,0,0,0,2021-08-23 12:30:00
"471",0,0,0,0.068,0,1,0,0.024,0,0,0,2021-08-24 00:30:00
"472",0,0,0,0.036,0,0,1,0.14,0,0,0,2021-08-24 12:30:00
"473",0,0,0,0.018,0,0,0,0,0,0,0,2021-08-25 00:30:00
"474",0,0,0,0.034,0,0,0,0.004,0,0.004,0,2021-08-25 12:30:00
"475",0,0,0,0.012,0,0,0,0.004,0,0,0,2021-08-26 00:30:00
"476",0,0,0,0.02,0,0,0,0.004,0,0.032,0,2021-08-26 12:30:00
"477",0,0,0,0.016,0,0,0,0,0,0.018,0.066,2021-08-27 00:30:00
"478",0,0,0,0.01,0,0,0,0,0,0.016,0,2021-08-27 12:30:00
"479",0,0,0,0.012,0,0,0,0.004,0,0.006,0,2021-08-28 00:30:00
"480",0,0,0,0.004,0,0,1,0,0,0.008,0,2021-08-28 12:30:00
"481",0,0,0,0.002,0,0,0,0,0,0.006,0,2021-08-29 00:30:00
"482",0,0,0,0,0,0,0,0,0,0.002,0,2021-08-29 12:30:00
"483",0,0,0,0.006,0,0,0,0,0,0.006,0.936,2021-08-30 00:30:00
"484",0,0,0,0,0,0,0,0,1,0.002,0,2021-08-30 12:30:00
"485",1,0,0,0.002,1,0,0,0,0.002,0,0,2021-08-31 00:30:00
"486",0.108,1,0,0,0,0,0,0,0.69,0.002,0,2021-08-31 12:30:00
"487",0.894,0,0,0,0,0,0,0,0,0,0,2021-09-01 00:30:00
"488",0,0,1,0,0,0,0,0,0,0,0,2021-09-01 12:30:00
"489",0,0.022,0,0,0.002,0,0,0,0.33,0.002,0,2021-09-02 00:30:00
"490",0,0.04,0,0,0.038,1,0,0,0,0.012,0,2021-09-02 12:30:00
"491",0,0.352,0,0,0,0,0,0,0.05,0,0,2021-09-03 00:30:00
"492",0,0.004,0,0,0.066,0,0,0,0,0,0,2021-09-03 12:30:00
"493",0,0,0,0,0,0,1,0,0,0,0,2021-09-04 00:30:00
"494",0,0,0,0,0.258,0.008,0,0,0,0,0,2021-09-04 12:30:00
"495",0,0,0,0,0,0,0,0,0,0,0,2021-09-05 00:30:00
"496",0,0,0.024,0,0.262,0,0,0,0.386,0,0,2021-09-05 12:30:00
"497",1,0,0.014,0,0,0,0,0,0,0,0,2021-09-06 00:30:00
"498",0,1,0.282,0,0.092,1,0,0,0,0,0,2021-09-06 12:30:00
"499",0,0,0,0,0,0,0,0,0,0,0,2021-09-07 00:30:00
"500",0,0,0.434,0,0,0,0,0,0,0.022,0,2021-09-07 12:30:00
"501",0,0,0.238,0,0,0,0,0,0,0.004,0,2021-09-08 00:30:00
"502",0,0,0,1,0.11,0,0,0,0,0.024,0,2021-09-08 12:30:00
"503",0,0,0,0,0.408,0,0,0,0,0.006,0,2021-09-09 00:30:00
"504",0,0,0,0,0.092,0,0,1,0,0.016,0,2021-09-09 12:30:00
"505",0,0,0,1,0.006,0,0,0,0,0,0,2021-09-10 00:30:00
"506",0,0,0,0,0.026,0,0,0.016,0,0.002,0,2021-09-10 12:30:00
"507",0,0,0,0,0.07,0,0.002,0,0,0,0,2021-09-11 00:30:00
"508",0,0,0,0,0.038,0,0,0.004,1,0,0,2021-09-11 12:30:00
"509",0,0,0,0,0.03,0,0,0.688,0,0,0,2021-09-12 00:30:00
"510",1,0,0,0,0,0,0,0,0,0,0,2021-09-12 12:30:00
"511",0,0,0,0,0,0,0,0.286,0,0,0,2021-09-13 00:30:00
"512",0,0,0,0,0,0,0,0,0,0,0,2021-09-13 12:30:00
"513",0,0,0,0,0,0,0,0,0,0,0,2021-09-14 00:30:00
"514",0,0,0,0,0,0,0,0,0,0,1,2021-09-14 12:30:00
"515",1,0,0,0,0,0,0,0,0,0,0,2021-09-15 00:30:00
"516",0,0,0,1,0,0,0,0.002,0,0,0,2021-09-15 12:30:00
"517",0,0,0.002,0,0,0,0,0.002,0,0,0,2021-09-16 00:30:00
"518",0,0,0.024,0,0,0,0,0.974,0,1,0,2021-09-16 12:30:00
"519",0,1,0.138,0,0,0,0,0,0,0,0,2021-09-17 00:30:00
"520",0,0,0.35,0,0,0,0,0,0,0,0,2021-09-17 12:30:00
"521",0,0,0.108,0,0,0,0,0,0,0,0,2021-09-18 00:30:00
"522",0,0.088,0.054,0,0,1,0,0.034,0,0,0,2021-09-18 12:30:00
"523",0,0.784,0.002,0,0,0,0,0.01,0,0,0,2021-09-19 00:30:00
"524",0,0.068,0,0,0,0,0,0.056,0,0,0,2021-09-19 12:30:00
"525",0,0.002,0,0.002,0,0,0,0.002,0,0,0,2021-09-20 00:30:00
"526",0,0,0,0.018,0,0,0,0.004,0,0,0,2021-09-20 12:30:00
"527",0,0,0,0.012,0,0,0,0,0,0,0,2021-09-21 00:30:00
"528",0,0,0,0.004,0,0,1,0.016,0,0,0,2021-09-21 12:30:00
"529",0,0,0.004,0,0,0,0,0.012,0,0,0,2021-09-22 00:30:00
"530",0,0,0.004,0.004,0,0,0,0.008,0,0,0,2021-09-22 12:30:00
"531",0,1,0.014,0,0,0,0,0.012,0,0,0,2021-09-23 00:30:00
"532",0,0,0.008,0,0,0,0,0.274,0,0,0,2021-09-23 12:30:00
"533",0,0,0.012,0,0,1,1,0.062,0,0,0,2021-09-24 00:30:00
"534",0,0,0,0,0.002,0,0,0.31,0,0,0,2021-09-24 12:30:00
"535",0,0,0.006,0,0,0,0,0.056,0,0,0,2021-09-25 00:30:00
"536",0,0,0.006,0,0,0,0,0.068,0,0,0,2021-09-25 12:30:00
"537",0,0,0.036,0,0,0,0,0.01,0,0,0,2021-09-26 00:30:00
"538",1,0,0.088,0,0,0,1,0.012,0,0,0,2021-09-26 12:30:00
"539",0,0,0.054,0,0,0,0,0.008,0,0,0,2021-09-27 00:30:00
"540",0,0,0.064,0,0,0,0,0.004,0,0,0.002,2021-09-27 12:30:00
"541",0,0,0.01,0,0,0,0,0,0,0,0.002,2021-09-28 00:30:00
"542",0,0,0.01,0,0,0,0,0,1,0,0,2021-09-28 12:30:00
"543",0,0,0,0,0,0.002,0,0,0,0,0,2021-09-29 00:30:00
"544",1,0,0,0,1,0,0,0,0,0,0,2021-09-29 12:30:00
"545",0,0,0.026,0,0,0,0,0,0,0,0,2021-09-30 00:30:00
"546",0,0,0,0,0,0,0,0,1,0,0,2021-09-30 12:30:00
"547",0,0,0,0,0,0,0,0,0,0,0.002,2021-10-01 00:30:00
"548",0,0,0,0,0,0,0,0,0,0,0,2021-10-01 12:30:00
"549",0,0,0,0,0,0,0,0,0,0,0,2021-10-02 00:30:00
"550",0,0,0,0,0,0,0,0,0,0,0,2021-10-02 12:30:00
"551",0,0,0,0,0,0,0,0,0,0,0,2021-10-03 00:30:00
"552",0,0,0.2,0,0,0,0,0,0,0,0,2021-10-03 12:30:00
"553",0,0,0,0,0,0,0,0,0,0,0,2021-10-04 00:30:00
"554",0,0,0.108,0,0,0,0,0,0,0,0,2021-10-04 12:30:00
"555",0.016,0,0.048,0,1,0.002,0,0,0,0,0,2021-10-05 00:30:00
"556",0.042,0,0.004,0,0,0,0,0,0,0,0.002,2021-10-05 12:30:00
"557",0.214,0,0,0,0,0.002,0,0,0,0,0,2021-10-06 00:30:00
"558",0.1,0,0,0,0,0.002,0,0,0,0,0,2021-10-06 12:30:00
"559",0.328,0,0,0.002,0,0.002,0,0,0,0,0,2021-10-07 00:30:00
"560",0.192,0,0.056,0.016,0,0.01,0,0,0,0,0,2021-10-07 12:30:00
"561",0.01,0,0.192,0,0,0.044,0,0,0,0,0,2021-10-08 00:30:00
"562",0,0,0.3,0,0,0.094,0,0,0,0,0,2021-10-08 12:30:00
"563",0,0,0.024,1,0,0.012,0,0,0,0,0,2021-10-09 00:30:00
"564",0,1,0,0,0,0.086,1,0,0,0,0,2021-10-09 12:30:00
"565",0,0,0,0.004,0,0.134,0,0,0,0,0,2021-10-10 00:30:00
"566",0,0,0,0.004,0,0.096,0,0,0,0,0,2021-10-10 12:30:00
"567",0,0,0.006,0,0,0.12,0,0,1,0,0,2021-10-11 00:30:00
"568",0,0,0,0,0,0.098,0,0,0,0,0,2021-10-11 12:30:00
"569",0,0,0,0,0,0.092,0,0,0,0,0,2021-10-12 00:30:00
"570",0,0,0,0,0,0.064,0,0,0,0,0.002,2021-10-12 12:30:00
"571",0,0,0,0,0,0.066,0,0,0,0,0.002,2021-10-13 00:30:00
"572",0,0,0,0,0,0.018,0,0,0,0,0.012,2021-10-13 12:30:00
"573",0,0,0,1,0,0.028,0,0,0,0,0.016,2021-10-14 00:30:00
"574",0,0,0,0,0,0.018,0,0,0,0,0.006,2021-10-14 12:30:00
"575",0,0,0,0,0,0,1,0,0,0,0.006,2021-10-15 00:30:00
"576",0,0,0,0,0,0,0,0,0,0,0.002,2021-10-15 12:30:00
"577",1,0,0,0,0,0,0,0,0,0,0.004,2021-10-16 00:30:00
"578",0,0,0,0,0,0,0,0,0,0,0.004,2021-10-16 12:30:00
"579",0,0,0,0,0,0,0,0,0,0,0.004,2021-10-17 00:30:00
"580",0,0,0,0,0,0,0,0,0,0,0,2021-10-17 12:30:00
"581",0,0,0,0,0,0,0,0,0,0,0,2021-10-18 00:30:00
"582",0,0,0,0,0,0,0,0,0,0,0,2021-10-18 12:30:00
"583",0,0,0,0,0,0,0,0,0,0,0,2021-10-19 00:30:00
"584",0,0,0,0,0,1,0,0,0,1,0.002,2021-10-19 12:30:00
"585",0,0,0,0,0,0,0,0,0,0,0,2021-10-20 00:30:00
"586",0,0,0,0.028,0,0,0,0,0,0,0,2021-10-20 12:30:00
"587",0,0,0,0.044,0,0,0,0,0,0,0.002,2021-10-21 00:30:00
"588",0,0,0,0.258,0,0,0,0.346,0,0,0,2021-10-21 12:30:00
"589",0,0,0,0.046,0,0.726,0,0.56,0,0,0,2021-10-22 00:30:00
"590",0,0,0.008,0.08,0,0,0,0.094,0,0,0,2021-10-22 12:30:00
"591",0,0,0.014,0.03,1,0.274,0,0,0,0,0,2021-10-23 00:30:00
"592",0,0,0.058,0.034,0,0,0,0,0,0,0,2021-10-23 12:30:00
"593",0,0,0.01,0,0,0,0,0,0,0,0,2021-10-24 00:30:00
"594",0,0,0.878,0.002,0,0,0,0,0,0,0.002,2021-10-24 12:30:00
"595",0,0,0,0,0,0,0,0,0,0,0.014,2021-10-25 00:30:00
"596",0,0,0,0,0,0,0,0,0,0,0.004,2021-10-25 12:30:00
"597",0,0,0,0,0,0,0,0,0,0,0,2021-10-26 00:30:00
"598",0,0,0,0,0,0,0,0,0,0,0.044,2021-10-26 12:30:00
"599",0,0,1,0,0,0,0,0,0,0,0.008,2021-10-27 00:30:00
"600",0,0,0,0,1,0,0,0,0,1,0,2021-10-27 12:30:00
"601",0,0,0,0,0,0,0,0,0,0,0,2021-10-28 00:30:00
"602",0,0,0,0,0,0,0,0,0,0,0,2021-10-28 12:30:00
"603",0,0,0,0,0.002,0,0,0,0,0,0,2021-10-29 00:30:00
"604",0,0,0,0,0,0,0,0,0,0,0,2021-10-29 12:30:00
"605",0,0,0,0,0,0,0,0,0,0,0,2021-10-30 00:30:00
"606",0,0,0,0,0,0,0,0,0,0,0,2021-10-30 12:30:00
"607",0,0,0,0,0,0,0,0,0,0,0,2021-10-31 00:30:00
"608",0,0,0,0,0,0,0,0,0,0,0,2021-10-31 12:30:00
"609",0,0,0,0,0,0,0,0,0,0,0,2021-11-01 00:30:00
"610",0,0,0,0,0,0,0,0,0,0,0,2021-11-01 12:30:00
"611",0,0,0,0,0,0,0,0,0,0,0,2021-11-02 00:30:00
"612",0,1,0,0,0,0,0,0,0,0,0,2021-11-02 12:30:00
"613",0,0,0,0,0,0,0,0,0,0,0,2021-11-03 00:30:00
"614",0,0,0,0,0,0,0,0,0,0,0,2021-11-03 12:30:00
"615",0,0,0,0,1,0,1,0,0,0,0,2021-11-04 00:30:00
"616",0,0,0,0,0,0,0,0,0,0,0,2021-11-04 12:30:00
"617",0,0,0,0,0,0,0,0,0,0,0,2021-11-05 00:30:00
"618",0,0,0,0,0,0,0,0,0,0,0,2021-11-05 12:30:00
"619",0,0,0,0,0,0,0,0,0,0,0,2021-11-06 00:30:00
"620",0,0,0,0,0,0,0,0,1,0,1,2021-11-06 12:30:00
"621",0,0,0,0,0,0,0,0,0,0,0,2021-11-07 00:30:00
"622",0,0,0,0,0,0,0,0,0,0,0,2021-11-07 12:30:00
"623",1,0,0,0,0,0,0,0,0,0,0,2021-11-08 00:30:00
"624",0,0,0,0,0,0,0,0,0,0,0,2021-11-08 12:30:00
"625",0,0,0,0,0,0,0,0,0,0,0,2021-11-09 00:30:00
"626",0,0,0,0,0,0,0,0,0,0,0,2021-11-09 12:30:00
"627",0,0,0,0,0,0,0,0,0,0,0,2021-11-10 00:30:00
"628",0,0,0,0,0,0,0,0,0,0,0,2021-11-10 12:30:00
"629",0,0,0,0,0,0,0,0,0,0,0,2021-11-11 00:30:00
"630",0,0,0,0,0,0,0,0,0,0,0,2021-11-11 12:30:00
"631",0,0,0,0.184,0,0,0,0,0,0,0,2021-11-12 00:30:00
"632",0,0,0,0,0,0,0,0,0,0,0,2021-11-12 12:30:00
"633",0,0,0,0,0,0,0,0,0,0,1,2021-11-13 00:30:00
"634",0,0,0,0,0,0,0,0,0,0,0,2021-11-13 12:30:00
"635",0,0,0,0,0,0,0,0,0,0,0,2021-11-14 00:30:00
"636",0,0,0,0,0,0,0,0,0,0,0,2021-11-14 12:30:00
"637",0,0,0,0,0,0,0,0,0,0,0,2021-11-15 00:30:00
"638",0,0,0,0,0,0,0,0,0,0,0,2021-11-15 12:30:00
"639",0,0,0,0,0,0,0,0,0,0,0,2021-11-16 00:30:00
"640",0,0,0,0,0,0,0,0,0,0.176,0,2021-11-16 12:30:00
"641",0,0,0,0,0,0,0,0,0,0,0,2021-11-17 00:30:00
"642",0,0,0,0,0,0,0,0,0,0.826,0,2021-11-17 12:30:00
"643",0,0,0,0,0,0,0,0,0,0,0,2021-11-18 00:30:00
"644",0,0,0,0,0,0,0,0,0,0,0,2021-11-18 12:30:00
"645",0,0,0,0,0,0,0,0,0,0,0,2021-11-19 00:30:00
"646",0,0,0,0,0,0,0,0,0,0,0,2021-11-19 12:30:00
"647",0,0,0,0,0,0,0,0,0,0,0,2021-11-20 00:30:00
"648",0,0,0,0,0,0,0,0,0,0,0,2021-11-20 12:30:00
"649",0,0,0,0,0,0,0,0,0,0,0,2021-11-21 00:30:00
"650",0,0,0,0,0,0,0,0,0,0,0,2021-11-21 12:30:00
"651",0,0,0,0,0,0,0,0,0,0,0,2021-11-22 00:30:00
"652",0,0,0,0,0,0,0,0,0,1,0,2021-11-22 12:30:00
"653",0,0,0,0,0,0,0,0,0,0,0,2021-11-23 00:30:00
"654",0,0,0,0,0,0,0,0,0,0,0,2021-11-23 12:30:00
"655",0,0,0,0,0,0,0,0,0,0,0,2021-11-24 00:30:00
"656",0,0,0,0,0,0,0,0,0,0,0,2021-11-24 12:30:00
"657",0,0,0,0,0,0,0,0,0,0,0,2021-11-25 00:30:00
"658",0,0,0,0,0,0,0,0,0,0,0,2021-11-25 12:30:00
"659",0,0,0,0,0,0,0,0,0,0,0,2021-11-26 00:30:00
"660",0,0,0,0,0,0,0,0,0,0,0,2021-11-26 12:30:00
"661",0,0,0,0,0,0,0,0,0,0,0,2021-11-27 00:30:00
"662",0,0,0,0,1,0,0,0,0,0,0,2021-11-27 12:30:00
"663",0,0,0,0,0,0,0.214,0,0,0,0,2021-11-28 00:30:00
"664",0,0,0.002,0,0,0,0,0,0,0,0,2021-11-28 12:30:00
"665",0,0,0,0,0,0,0,0,0,0,0,2021-11-29 00:30:00
"666",0,0,0,0,0,0,0,0,0,0,0,2021-11-29 12:30:00
"667",0,0,0,0,0,0,0,0,0,0,0,2021-11-30 00:30:00
"668",0,0,0,0,0.002,0,0.786,0,0,0,0,2021-11-30 12:30:00
"669",0,0,0,0,1,0,0,0,0,0,0,2021-12-01 00:30:00
"670",0,0,0,0,0,1,0,0,0,0,0,2021-12-01 12:30:00
"671",0,0,0,0,0,0,0,0,0,0,0,2021-12-02 00:30:00
"672",0,0,0.002,0.818,0,0,0,0,0,0,0,2021-12-02 12:30:00
"673",0,0,0,0,0,0,0,0,0,0,0,2021-12-03 00:30:00
"674",0,0,0,0,0,0,0,0,0,0,0,2021-12-03 12:30:00
"675",0,0,0,0,0,0,0,0,1,0,0,2021-12-04 00:30:00
"676",0,0,0,0,0,0,0,0,0,0,0,2021-12-04 12:30:00
"677",0,0,0,0,0,0,0,0,0,0,0,2021-12-05 00:30:00
"678",0,0,0,0,0,0,0,0,0,0,1,2021-12-05 12:30:00
"679",0,0,0,0,0,0,0,0,0,0,0.004,2021-12-06 00:30:00
"680",0,0,0,0,0,0,0,0,0,0,0,2021-12-06 12:30:00
"681",0,0,0,0,0,0,0,0,0,0,0.994,2021-12-07 00:30:00
"682",0,0,0,0,0,0,0,0,0,0,0,2021-12-07 12:30:00
"683",0,0,0,0,0,0,0,0,0,0,0,2021-12-08 00:30:00
"684",0,0,0,0,0,0,0,0,0,0,0,2021-12-08 12:30:00
"685",0,0,0,0,0,0,0,0,0,0,0,2021-12-09 00:30:00
"686",0,0,0,0,0,0,0.002,0,0,0,0,2021-12-09 12:30:00
"687",0,0,0,0,0,0,0,0,0,0,1,2021-12-10 00:30:00
"688",0,0,0,0,0,0,0,0,0,0,0,2021-12-10 12:30:00
"689",0,0,0,0,0,0,0,0,0,0,0,2021-12-11 00:30:00
"690",0,0,0,0,0,0,0,0.002,0,0,0,2021-12-11 12:30:00
"691",0,0,0,0,0.002,0,0,0,0,0,0,2021-12-12 00:30:00
"692",0,0,0,0,0.01,0,0,0,0,0,0,2021-12-12 12:30:00
"693",0,0,0,0,0.178,0,0,0,0,0,0,2021-12-13 00:30:00
"694",0,0,0,0,0.208,0,0,0,0,0,0,2021-12-13 12:30:00
"695",0,0,0,0,0.082,0,0,0,0,0,0,2021-12-14 00:30:00
"696",0,0,0,0,0.012,0,0,0,0,0,0,2021-12-14 12:30:00
"697",0,0,0,0,0.04,0,0,0,0,0,0,2021-12-15 00:30:00
"698",0,0,0,0,0.008,0,0,0,0,0,0,2021-12-15 12:30:00
"699",0,0,0,0,0,0,0,0,0,0,0,2021-12-16 00:30:00
"700",0,0,0,0,0,0,0,0,1,0,0,2021-12-16 12:30:00
"701",0,0,0,0,0,0,0,0,0,0,0,2021-12-17 00:30:00
"702",0.002,0,0,0,0,0,0,0,0,0,0,2021-12-17 12:30:00
"703",0,0,0,0,0,0,0,0,0,0,0,2021-12-18 00:30:00
"704",0,0,0,0,0,0,0,0,0,0,0,2021-12-18 12:30:00
"705",0,0,0,0,0,0,0,0,0,0,0,2021-12-19 00:30:00
"706",0,0,0,0,0,0,0,0,0,0,0,2021-12-19 12:30:00
"707",0,0,0,0,0,0,0,0,0,0,0,2021-12-20 00:30:00
"708",0,0,0,0,0,0,0,0,0,0,0,2021-12-20 12:30:00
"709",0.002,0,0,0,0,0,0,0,0,0,0,2021-12-21 00:30:00
"710",0,0,0,0,0,0,0,0,0,0,0,2021-12-21 12:30:00
"711",0.004,0,0,0,0,0,0,0,0,0,0.012,2021-12-22 00:30:00
"712",0.002,0,0,0,0,0,0,0,0,0,0.002,2021-12-22 12:30:00
"713",0,0,0,0,0,0,0,0,0,0,0.016,2021-12-23 00:30:00
"714",0,0,0,0,0,0,0,0,0,0,0,2021-12-23 12:30:00
"715",0,0,0,0,0,0,0,0,0,0,0,2021-12-24 00:30:00
"716",0.002,0,0,0,0,0,0,0,0,0,0,2021-12-24 12:30:00
"717",0,0,0,0,0,0,0,0,0,0,0,2021-12-25 00:30:00
"718",0,0,0,0,0,0,0,0,0,0,0,2021-12-25 12:30:00
"719",0,0,0,0,0,0,0,0,0,0,0,2021-12-26 00:30:00
"720",0,0,0,0,0,0,0,0,0,0,0,2021-12-26 12:30:00
"721",0,0,0,0,0,0,0,0,0,0,0,2021-12-27 00:30:00
"722",0,0,0,0,0,0,0,0,0,0,0,2021-12-27 12:30:00
"723",0,0,0,0,0,0,0,0,0,0,0,2021-12-28 00:30:00
"724",0,0,0,0,0,0,0,0,0,0,0,2021-12-28 12:30:00
"725",0,0,0,0,1,0,0,0,0,0,0,2021-12-29 00:30:00
"726",0,0,0,0,0,0,0,0,0,0,0,2021-12-29 12:30:00
"727",0,0,0,0,1,0,0,0,0,0,0,2021-12-30 00:30:00
"728",NA,NA,NA,NA,NA,NA,NA,NA,NA,NA,NA,2021-12-30 12:30:00
